<?xml version="1.0" encoding="UTF-8"?>
<metadata xml:lang="es"><Esri><CreaDate>20170417</CreaDate><CreaTime>23464900</CreaTime><ArcGISFormat>1.0</ArcGISFormat><SyncOnce>TRUE</SyncOnce><DataProperties><lineage><Process ToolSource="c:\program files\arcgis\desktop10.2\ArcToolbox\Toolboxes\Data Management Tools.tbx\CalculateField" Date="20170411" Time="141249">CalculateField macrozona id [OBJECTID] VB #</Process><Process ToolSource="c:\program files\arcgis\desktop10.2\ArcToolbox\Toolboxes\Data Management Tools.tbx\CalculateField" Date="20170420" Time="112221">CalculateField MACROZONAS MUNICIPIO "Envigado" VB #</Process><Process ToolSource="c:\program files\arcgis\desktop10.2\ArcToolbox\Toolboxes\Data Management Tools.tbx\CalculateField" Date="20170420" Time="114456">CalculateField MACROZONAS MUNICIPIO "Bello" VB #</Process><Process ToolSource="c:\program files\arcgis\desktop10.2\ArcToolbox\Toolboxes\Data Management Tools.tbx\CalculateField" Date="20170420" Time="135413">CalculateField MACROZONAS MUNICIPIO "ITAGUI" VB #</Process><Process ToolSource="c:\program files\arcgis\desktop10.2\ArcToolbox\Toolboxes\Data Management Tools.tbx\CalculateField" Date="20170420" Time="141403">CalculateField MACROZONAS MUNICIPIO "Sabaneta" VB #</Process><Process ToolSource="c:\program files\arcgis\desktop10.2\ArcToolbox\Toolboxes\Data Management Tools.tbx\CalculateField" Date="20170420" Time="145446">CalculateField MACROZONAS MUNICIPIO "La Estrella" VB #</Process><Process ToolSource="c:\program files\arcgis\desktop10.2\ArcToolbox\Toolboxes\Data Management Tools.tbx\CalculateField" Date="20170420" Time="150955">CalculateField MACROZONAS MUNICIPIO "Girardota" VB #</Process><Process ToolSource="c:\program files\arcgis\desktop10.2\ArcToolbox\Toolboxes\Data Management Tools.tbx\CalculateField" Date="20170420" Time="181412">CalculateField MACROZONAS MUNICIPIO "Caldas" VB #</Process><Process ToolSource="c:\program files\arcgis\desktop10.2\ArcToolbox\Toolboxes\Data Management Tools.tbx\CalculateField" Date="20170420" Time="195017">CalculateField MACROZONAS MUNICIPIO "Barbosa" VB #</Process><Process ToolSource="c:\program files\arcgis\desktop10.2\ArcToolbox\Toolboxes\Data Management Tools.tbx\CalculateField" Date="20170421" Time="090716">CalculateField MACROZONAS MUNICIPIO "Copacabana" VB #</Process><Process ToolSource="c:\program files\arcgis\desktop10.2\ArcToolbox\Toolboxes\Data Management Tools.tbx\CalculateField" Date="20170422" Time="094121">CalculateField MACROZONAS MUNICIPIO "Medellin" VB #</Process><Process ToolSource="c:\program files\arcgis\desktop10.2\ArcToolbox\Toolboxes\Data Management Tools.tbx\CalculateField" Date="20170425" Time="094433">CalculateField MACROZONAS MACROZONA [id] VB #</Process></lineage></DataProperties></Esri></metadata>
